{
"0":{
  "name":"Contact",
  "id":"con",
  "low_limit":1000,
  "upp_limit":200000,
  "value_con":1000,
  "con_mult_fact":0.0001,
  "text_hov":"contact",
  "img_icon":"https://res.cloudinary.com/heptera/image/upload/v1623907410/account/contacts_1_s1iv06.png"
  
  },
  
"1":{
  "name":"Email Sending",
  "id":"eml_send",
  "low_limit":1000,
  "upp_limit":1000000,
  "value_con":10000,
  "con_mult_fact":0.001,
  "text_hov":"email send",
  "img_icon":"https://res.cloudinary.com/heptera/image/upload/v1623907526/account/paper-plane_1_flw4nt.png"
  
  },
"2":{
  "name":"Segmentation",
  "id":"seg_prc",
  "low_limit":0,
  "upp_limit":100,
  "value_con":5,
  "con_mult_fact":0.00001,
  "mult_oth_fact":0,
  "text_hov":"segment",
  "img_icon":"https://res.cloudinary.com/heptera/image/upload/v1623907588/account/diagram_hzyjb4.png"
  
  },
"3":{
  "name":"Social Post",
  "id":"soc_shed",
  "low_limit":5,
  "upp_limit":1000,
  "value_con":15,
  "con_mult_fact":0.1,
  "text_hov":"post sheduled",
  "img_icon":"https://res.cloudinary.com/heptera/image/upload/v1623907696/account/social-media_2_pveril.png"
  
  },
  
  "4":{
  "name":"Social Account",
  "id":"soc_acc",
  "low_limit":2,
  "upp_limit":100,
  "value_con":3,
  "con_mult_fact":0.01,
  "text_hov":"account connect",
  "img_icon":"https://res.cloudinary.com/heptera/image/upload/v1623907846/account/verified-account_va6fu8.png"
  
  },
  
  "5":{
  "name":"Plateform",
  "id":"plat_acc",
  "low_limit":2,
  "upp_limit":30,
  "value_con":5,
  "con_mult_fact":0.3,
  "text_hov":"plateforms",
  "img_icon":"https://res.cloudinary.com/heptera/image/upload/v1623910246/account/apps_2_goeuap.png"
  
  },
  
  "6":{
  "name":"Transactional Email Send",
  "id":"trn_eml_snd",
  "low_limit":1000,
  "upp_limit":1000000,
  "value_con":10000,
  "con_mult_fact":0.0005,
  "text_hov":"transactional email send",
  "img_icon":"https://res.cloudinary.com/heptera/image/upload/v1623908073/account/send_j0vehn.png"
  
  },
  "7":{
  "name":"Studio",
  "id":"std",
  "low_limit":1,
  "upp_limit":20,
  "value_con":1,
  "con_mult_fact":2,
  "text_hov":"GB",
  "img_icon":"https://res.cloudinary.com/heptera/image/upload/v1623908160/account/picture_d9ktqv.png"
  
  },
 "8":{
  "name":"API",
  "id":"api",
  "low_limit":1000,
  "upp_limit":200000,
  "value_con":10000,
  "con_mult_fact":0.00001,
  "text_hov":"Request",
  "img_icon":"https://res.cloudinary.com/heptera/image/upload/v1623908221/account/api_1_petyti.png"

  }
}